"Address","Indexability","Indexability Status","rel=""next"" 1","rel=""prev"" 1","HTTP rel=""next"" 1","HTTP rel=""prev"" 1","Canonical Link Element 1","HTTP Canonical","Meta Robots 1","X-Robots-Tag 1"
"https://blog3-backup-dd7df.netlify.app/","Indexable","","","","","","","","",""
"https://blog3-backup-dd7df.netlify.app/docs/projects/","Indexable","","","","","","","","",""
"https://blog3-backup-dd7df.netlify.app/docs/content/","Indexable","","","","","","","","",""
"https://blog3-backup-dd7df.netlify.app/docs/reference/","Indexable","","","","","","","","",""
"https://blog3-backup-dd7df.netlify.app/blog/platform-docs/","Indexable","","","","","","","","",""
"https://blog3-backup-dd7df.netlify.app/docs/tutorials/","Indexable","","","","","","","","",""
"https://blog3-backup-dd7df.netlify.app/docs/community/","Indexable","","","","","","","","",""
"https://blog3-backup-dd7df.netlify.app/docs/docs/","Indexable","","","","","","","","",""
"https://blog3-backup-dd7df.netlify.app/docs/articles/","Indexable","","","","","","","","",""
"https://blog3-backup-dd7df.netlify.app/docs/quick-reference/","Indexable","","","","","","","","",""
"https://blog3-backup-dd7df.netlify.app/docs/articles/nodejs/","Indexable","","","","","","","","",""
"https://blog3-backup-dd7df.netlify.app/blog/","Indexable","","","","","","","","",""
"https://blog3-backup-dd7df.netlify.app/docs/interview/job-search-nav/","Indexable","","","","","","","","",""
"https://blog3-backup-dd7df.netlify.app/docs/react/","Indexable","","","","","","","","",""
"https://blog3-backup-dd7df.netlify.app/docs/faq/","Indexable","","","","","","","","",""
"https://blog3-backup-dd7df.netlify.app/docs/interact/","Indexable","","","","","","","","",""
"https://blog3-backup-dd7df.netlify.app/docs/about/","Indexable","","","","","","","","",""
"https://blog3-backup-dd7df.netlify.app/docs/leetcode/","Indexable","","","","","","","","",""
"https://blog3-backup-dd7df.netlify.app/docs/javascript/","Indexable","","","","","","","","",""
"https://blog3-backup-dd7df.netlify.app/docs/tools/","Indexable","","","","","","","","",""
"https://blog3-backup-dd7df.netlify.app/docs/interview/","Indexable","","","","","","","","",""
"https://blog3-backup-dd7df.netlify.app/docs/data-structures/","Indexable","","","","","","","","",""
"https://blog3-backup-dd7df.netlify.app/docs/python/","Indexable","","","","","","","","",""
"https://blog3-backup-dd7df.netlify.app/docs/tips/","Indexable","","","","","","","","",""
"https://blog3-backup-dd7df.netlify.app/docs/audio/","Indexable","","","","","","","","",""
"https://blog3-backup-dd7df.netlify.app/docs/quick-reference/vscode-themes/","Indexable","","","","","","","","",""
"https://blog3-backup-dd7df.netlify.app/docs/projects/my-websites/","Indexable","","","","","","","","",""
"https://blog3-backup-dd7df.netlify.app/docs/articles/webdev-tools/","Indexable","","","","","","","","",""
"https://blog3-backup-dd7df.netlify.app/docs/react/dont-use-index-as-keys/","Indexable","","","","","","","","",""
"https://blog3-backup-dd7df.netlify.app/docs/python/functions/","Indexable","","","","","","","","",""
"https://blog3-backup-dd7df.netlify.app/docs/articles/reading-files/","Indexable","","","","","","","","",""
"https://blog3-backup-dd7df.netlify.app/docs/reference/how-to-kill-a-process/","Indexable","","","","","","","","",""
"https://blog3-backup-dd7df.netlify.app/docs/interact/video-chat/","Indexable","","","","","","","","",""
"https://blog3-backup-dd7df.netlify.app/docs/javascript/review/","Indexable","","","","","","","","",""
"https://blog3-backup-dd7df.netlify.app/docs/docs/node-docs-complete/","Indexable","","","","","","","","",""
"https://blog3-backup-dd7df.netlify.app/docs/about/eng-portfolio/","Indexable","","","","","","","","",""
"https://blog3-backup-dd7df.netlify.app/docs/articles/node-cli-args/","Indexable","","","","","","","","",""
"https://blog3-backup-dd7df.netlify.app/docs/docs/bash/","Indexable","","","","","","","","",""
"https://blog3-backup-dd7df.netlify.app/docs/javascript/for-loops/","Indexable","","","","","","","","",""
"https://blog3-backup-dd7df.netlify.app/docs/docs/no-whiteboarding/","Indexable","","","","","","","","",""
"https://blog3-backup-dd7df.netlify.app/docs/reference/intro-to-nodejs/","Indexable","","","","","","","","",""
"https://blog3-backup-dd7df.netlify.app/docs/docs/sitemap/","Indexable","","","","","","","","",""
"https://blog3-backup-dd7df.netlify.app/docs/quick-reference/all-emojis/","Indexable","","","","","","","","",""
"https://blog3-backup-dd7df.netlify.app/docs/quick-reference/new-repo-instructions/","Indexable","","","","","","","","",""
"https://blog3-backup-dd7df.netlify.app/docs/about/job-search/","Indexable","","","","","","","","",""
"https://blog3-backup-dd7df.netlify.app/docs/articles/node-package-manager/","Indexable","","","","","","","","",""
"https://blog3-backup-dd7df.netlify.app/docs/tips/insert-into-array/","Indexable","","","","","","","","",""
"https://blog3-backup-dd7df.netlify.app/docs/audio/dtw-python-explained/","Indexable","","","","","","","","",""
"https://blog3-backup-dd7df.netlify.app/docs/audio/discrete-fft/","Indexable","","","","","","","","",""
"https://blog3-backup-dd7df.netlify.app/docs/about/resume/","Indexable","","","","","","","","",""
"https://blog3-backup-dd7df.netlify.app/docs/reference/resources/","Indexable","","","","","","","","",""
"https://blog3-backup-dd7df.netlify.app/docs/content/history-api/","Indexable","","","","","","","","",""
"https://blog3-backup-dd7df.netlify.app/docs/projects/embeded-websites/","Indexable","","","","","","","","",""
"https://blog3-backup-dd7df.netlify.app/docs/quick-reference/minifiction/","Indexable","","","","","","","","",""
"https://blog3-backup-dd7df.netlify.app/docs/quick-reference/installation/","Indexable","","","","","","","","",""
"https://blog3-backup-dd7df.netlify.app/docs/quick-reference/markdown-dropdowns/","Indexable","","","","","","","","",""
"https://blog3-backup-dd7df.netlify.app/docs/interact/jupyter-notebooks/","Indexable","","","","","","","","",""
"https://blog3-backup-dd7df.netlify.app/docs/docs/es-6-features/","Indexable","","","","","","","","",""
"https://blog3-backup-dd7df.netlify.app/docs/quick-reference/git-tricks/","Indexable","","","","","","","","",""
"https://blog3-backup-dd7df.netlify.app/docs/docs/node-docs-full/","Indexable","","","","","","","","",""
"https://blog3-backup-dd7df.netlify.app/docs/javascript/this-is-about-this/","Indexable","","","","","","","","",""
"https://blog3-backup-dd7df.netlify.app/docs/reference/awesome-lists/","Indexable","","","","","","","","",""
"https://blog3-backup-dd7df.netlify.app/docs/docs/git-repos/","Indexable","","","","","","","","",""
"https://blog3-backup-dd7df.netlify.app/docs/reference/awesome-static/","Indexable","","","","","","","","",""
"https://blog3-backup-dd7df.netlify.app/docs/reference/google-cloud/","Indexable","","","","","","","","",""
"https://blog3-backup-dd7df.netlify.app/docs/about/intrests/","Indexable","","","","","","","","",""
"https://blog3-backup-dd7df.netlify.app/docs/articles/npm/","Indexable","","","","","","","","",""
"https://blog3-backup-dd7df.netlify.app/docs/articles/install/","Indexable","","","","","","","","",""
"https://blog3-backup-dd7df.netlify.app/docs/quick-reference/google-firebase/","Indexable","","","","","","","","",""
"https://blog3-backup-dd7df.netlify.app/docs/community/bookmarks/","Indexable","","","","","","","","",""
"https://blog3-backup-dd7df.netlify.app/docs/react/ajax-n-apis/","Indexable","","","","","","","","",""
"https://blog3-backup-dd7df.netlify.app/docs/projects/list-of-projects/","Indexable","","","","","","","","",""
"https://blog3-backup-dd7df.netlify.app/docs/articles/fs-module/","Indexable","","","","","","","","",""
"https://blog3-backup-dd7df.netlify.app/docs/react/render-elements/","Indexable","","","","","","","","",""
"https://blog3-backup-dd7df.netlify.app/docs/react/cheatsheet/","Indexable","","","","","","","","",""
"https://blog3-backup-dd7df.netlify.app/docs/python/examples/","Indexable","","","","","","","","",""
"https://blog3-backup-dd7df.netlify.app/docs/content/archive/","Indexable","","","","","","","","",""
"https://blog3-backup-dd7df.netlify.app/docs/quick-reference/pull-request-rubric/","Indexable","","","","","","","","",""
"https://blog3-backup-dd7df.netlify.app/docs/react/demo/","Indexable","","","","","","","","",""
"https://blog3-backup-dd7df.netlify.app/docs/articles/semantic-html/","Indexable","","","","","","","","",""
"https://blog3-backup-dd7df.netlify.app/docs/articles/semantic/","Indexable","","","","","","","","",""
"https://blog3-backup-dd7df.netlify.app/docs/quick-reference/quick-links/","Indexable","","","","","","","","",""
"https://blog3-backup-dd7df.netlify.app/docs/docs/appendix/","Indexable","","","","","","","","",""
"https://blog3-backup-dd7df.netlify.app/docs/articles/node-js-language/","Indexable","","","","","","","","",""
"https://blog3-backup-dd7df.netlify.app/docs/quick-reference/git-bash/","Indexable","","","","","","","","",""
"https://blog3-backup-dd7df.netlify.app/docs/career/interview-dos-n-donts/","Indexable","","","","","","","","",""
"https://blog3-backup-dd7df.netlify.app/docs/react/react-docs/","Indexable","","","","","","","","",""
"https://blog3-backup-dd7df.netlify.app/docs/reference/embed-the-web/","Indexable","","","","","","","","",""
"https://blog3-backup-dd7df.netlify.app/docs/reference/psql/","Indexable","","","","","","","","",""
"https://blog3-backup-dd7df.netlify.app/docs/docs/css/","Indexable","","","","","","","","",""
"https://blog3-backup-dd7df.netlify.app/docs/javascript/asyncjs/","Indexable","","","","","","","","",""
"https://blog3-backup-dd7df.netlify.app/docs/javascript/await-keyword/","Indexable","","","","","","","","",""
"https://blog3-backup-dd7df.netlify.app/docs/articles/node-repl/","Indexable","","","","","","","","",""
"https://blog3-backup-dd7df.netlify.app/docs/reference/installing-node/","Indexable","","","","","","","","",""
"https://blog3-backup-dd7df.netlify.app/docs/articles/basic-web-dev/","Indexable","","","","","","","","",""
"https://blog3-backup-dd7df.netlify.app/docs/audio/web-audio-api/","Indexable","","","","","","","","",""
"https://blog3-backup-dd7df.netlify.app/docs/docs/html-spec/","Indexable","","","","","","","","",""
"https://blog3-backup-dd7df.netlify.app/docs/articles/v8/","Indexable","","","","","","","","",""
"https://blog3-backup-dd7df.netlify.app/docs/reference/awesome-nodejs/","Indexable","","","","","","","","",""
"https://blog3-backup-dd7df.netlify.app/docs/audio/audio-feature-extraction/","Indexable","","","","","","","","",""
"https://blog3-backup-dd7df.netlify.app/docs/articles/understanding-firebase/","Indexable","","","","","","","","",""
"https://blog3-backup-dd7df.netlify.app/docs/python/python-ds/","Indexable","","","","","","","","",""
"https://blog3-backup-dd7df.netlify.app/docs/articles/writing-files/","Indexable","","","","","","","","",""
"https://blog3-backup-dd7df.netlify.app/docs/faq/plug-ins/","Indexable","","","","","","","","",""
"https://blog3-backup-dd7df.netlify.app/docs/career/dev-interview/","Indexable","","","","","","","","",""
"https://blog3-backup-dd7df.netlify.app/docs/python/snippets/","Indexable","","","","","","","","",""
"https://blog3-backup-dd7df.netlify.app/docs/reference/vscode/","Indexable","","","","","","","","",""
"https://blog3-backup-dd7df.netlify.app/docs/content/main-projects/","Indexable","","","","","","","","",""
"https://blog3-backup-dd7df.netlify.app/docs/interact/callstack-visual/","Indexable","","","","","","","","",""
"https://blog3-backup-dd7df.netlify.app/docs/docs/art-of-command-line/","Indexable","","","","","","","","",""
"https://blog3-backup-dd7df.netlify.app/docs/community/video-chat/","Indexable","","","","","","","","",""
"https://blog3-backup-dd7df.netlify.app/docs/quick-reference/heroku-error-codes/","Indexable","","","","","","","","",""
"https://blog3-backup-dd7df.netlify.app/docs/","Indexable","","","","","","","","",""
"https://blog3-backup-dd7df.netlify.app/docs/interact/clock/","Indexable","","","","","","","","",""
"https://blog3-backup-dd7df.netlify.app/docs/reference/bash-commands/","Indexable","","","","","","","","",""
"https://blog3-backup-dd7df.netlify.app/docs/docs/git-reference/","Indexable","","","","","","","","",""
"https://blog3-backup-dd7df.netlify.app/docs/articles/os-module/","Indexable","","","","","","","","",""
"https://blog3-backup-dd7df.netlify.app/docs/articles/node-run-cli/","Indexable","","","","","","","","",""
"https://blog3-backup-dd7df.netlify.app/docs/reference/bookmarks/","Indexable","","","","","","","","",""
"https://blog3-backup-dd7df.netlify.app/docs/faq/contact/","Indexable","","","","","","","","",""
"https://blog3-backup-dd7df.netlify.app/docs/tools/dev-utilities/","Indexable","","","","","","","","",""
"https://blog3-backup-dd7df.netlify.app/docs/reference/how-2-reinstall-npm/","Indexable","","","","","","","","",""
"https://blog3-backup-dd7df.netlify.app/docs/python/intro-for-js-devs/","Indexable","","","","","","","","",""
"https://blog3-backup-dd7df.netlify.app/docs/articles/npx/","Indexable","","","","","","","","",""
"https://blog3-backup-dd7df.netlify.app/docs/tools/data-structures/","Indexable","","","","","","","","",""
"https://blog3-backup-dd7df.netlify.app/docs/articles/nodevsbrowser/","Indexable","","","","","","","","",""
"https://blog3-backup-dd7df.netlify.app/docs/interview/review-concepts/","Indexable","","","","","","","","",""
"https://blog3-backup-dd7df.netlify.app/docs/docs/snippets/","Indexable","","","","","","","","",""
"https://blog3-backup-dd7df.netlify.app/docs/articles/how-the-web-works/","Indexable","","","","","","","","",""
"https://blog3-backup-dd7df.netlify.app/docs/python/comprehensive-guide/","Indexable","","","","","","","","",""
"https://blog3-backup-dd7df.netlify.app/docs/reference/notes-template/","Indexable","","","","","","","","",""
"https://blog3-backup-dd7df.netlify.app/docs/content/algo/","Indexable","","","","","","","","",""
"https://blog3-backup-dd7df.netlify.app/docs/javascript/clean-code/","Indexable","","","","","","","","",""
"https://blog3-backup-dd7df.netlify.app/docs/quick-reference/understanding-path/","Indexable","","","","","","","","",""
"https://blog3-backup-dd7df.netlify.app/docs/docs/markdown/","Indexable","","","","","","","","",""
"https://blog3-backup-dd7df.netlify.app/docs/interact/other-sites/","Indexable","","","","","","","","",""
"https://blog3-backup-dd7df.netlify.app/docs/tutorials/enviorment-setup/","Indexable","","","","","","","","",""
"https://blog3-backup-dd7df.netlify.app/docs/articles/web-standards-checklist/","Indexable","","","","","","","","",""
"https://blog3-backup-dd7df.netlify.app/docs/javascript/constructor-functions/","Indexable","","","","","","","","",""
"https://blog3-backup-dd7df.netlify.app/docs/react/jsx/","Indexable","","","","","","","","",""
"https://blog3-backup-dd7df.netlify.app/docs/articles/modules/","Indexable","","","","","","","","",""
"https://blog3-backup-dd7df.netlify.app/docs/python/flow-control/","Indexable","","","","","","","","",""
"https://blog3-backup-dd7df.netlify.app/docs/community/an-open-letter-2-future-developers/","Indexable","","","","","","","","",""
"https://blog3-backup-dd7df.netlify.app/docs/python/google-sheets-api/","Indexable","","","","","","","","",""
"https://blog3-backup-dd7df.netlify.app/docs/tips/array-methods/","Indexable","","","","","","","","",""
"https://blog3-backup-dd7df.netlify.app/docs/tools/markdown-html/","Indexable","","","","","","","","",""
"https://blog3-backup-dd7df.netlify.app/docs/projects/mini-projects/","Indexable","","","","","","","","",""
"https://blog3-backup-dd7df.netlify.app/docs/docs/data-structures-docs/","Indexable","","","","","","","","",""
"https://blog3-backup-dd7df.netlify.app/docs/react/react-in-depth/","Indexable","","","","","","","","",""
"https://blog3-backup-dd7df.netlify.app/docs/career/job-boards/","Indexable","","","","","","","","",""
"https://blog3-backup-dd7df.netlify.app/docs/python/at-length/","Indexable","","","","","","","","",""
"https://blog3-backup-dd7df.netlify.app/docs/tips/sorting-strings/","Indexable","","","","","","","","",""
"https://blog3-backup-dd7df.netlify.app/docs/articles/how-search-engines-work/","Indexable","","","","","","","","",""
"https://blog3-backup-dd7df.netlify.app/docs/articles/dev-dep/","Indexable","","","","","","","","",""
"https://blog3-backup-dd7df.netlify.app/docs/javascript/bigo/","Indexable","","","","","","","","",""
"https://blog3-backup-dd7df.netlify.app/docs/articles/node-env-variables/","Indexable","","","","","","","","",""
"https://blog3-backup-dd7df.netlify.app/docs/audio/audio/","Indexable","","","","","","","","",""
"https://blog3-backup-dd7df.netlify.app/docs/articles/buffers/","Indexable","","","","","","","","",""
"https://blog3-backup-dd7df.netlify.app/docs/docs/regex-in-js/","Indexable","","","","","","","","",""
"https://blog3-backup-dd7df.netlify.app/docs/reference/github-search/","Indexable","","","","","","","","",""
"https://blog3-backup-dd7df.netlify.app/docs/articles/node-common-modules/","Indexable","","","","","","","","",""
"https://blog3-backup-dd7df.netlify.app/docs/content/trouble-shooting/","Indexable","","","","","","","","",""
"https://blog3-backup-dd7df.netlify.app/docs/audio/dfft/","Indexable","","","","","","","","",""
"https://blog3-backup-dd7df.netlify.app/docs/quick-reference/psql-setup/","Indexable","","","","","","","","",""
"https://blog3-backup-dd7df.netlify.app/docs/reference/markdown-styleguide/","Indexable","","","","","","","","",""
"https://blog3-backup-dd7df.netlify.app/docs/javascript/promises/","Indexable","","","","","","","","",""
"https://blog3-backup-dd7df.netlify.app/docs/python/cheat-sheet/","Indexable","","","","","","","","",""
"https://blog3-backup-dd7df.netlify.app/docs/articles/http/","Indexable","","","","","","","","",""
"https://blog3-backup-dd7df.netlify.app/docs/articles/nextjs/","Indexable","","","","","","","","",""
"https://blog3-backup-dd7df.netlify.app/docs/audio/dynamic-time-warping/","Indexable","","","","","","","","",""
"https://blog3-backup-dd7df.netlify.app/docs/react/react2/","Indexable","","","","","","","","",""
"https://blog3-backup-dd7df.netlify.app/docs/javascript/arrow-functions/","Indexable","","","","","","","","",""
"https://blog3-backup-dd7df.netlify.app/docs/quick-reference/create-react-app/","Indexable","","","","","","","","",""
"https://blog3-backup-dd7df.netlify.app/docs/articles/node-api-express/","Indexable","","","","","","","","",""
